{
    "perplexity": 5.9799999999999995,
    "diversity": {
        "Self-BLEU2-geometric": 0.0,
        "Auto-BLEU2-geometric": 0.0,
        "VERT": 0.0
    },
    "bert_score": 49.499795918367354,
    "dialogpt_perplexity": 74876.65693877554
}